-- account
INSERT IGNORE INTO growing.account (id, is_super_user, password, user_id, username) VALUES (1, true, '$2a$10$r0v2AxWht/yfX6XcTtgneOPE3uVI7cjHr51k1GyvG747n0uDCcIMa', 1, 'foo');

-- term
INSERT IGNORE INTO growing.term (id, name, start_date, end_date, is_active) VALUES (1, '2024년 2학기', '2024-09-01', '2025-03-01', true);

-- user
insert ignore into growing.user (id, created_at, created_by, updated_at, updated_by, birth, grade, name, phone_number, sex)
values  (1, '2024-06-18 19:38:34.251207', null, '2024-06-18 19:38:34.251207', null, '2000-10-16', 10, '안운시', '010-1234-5678', 'MALE'),
        (2, '2024-06-18 19:38:34.251207', null, '2024-06-18 19:38:34.251207', null, '2000-10-16', 5, '김태규', '010-1234-5678', 'MALE'),
        (3, '2024-06-19 20:09:51.026792', null, '2024-06-19 20:09:51.026792', null, '2000-10-16', 9, '새가족1', '010-1234-5678', 'MALE'),
        (4, '2024-06-19 20:10:14.036236', null, '2024-06-19 20:10:14.036236', null, '2000-10-16', 9, '새가족2', '010-1234-5678', 'MALE'),
        (100, '2024-06-18 19:38:34.251207', null, '2024-06-18 19:38:34.251207', null, '2000-10-16', 10, '우상욱', '010-1234-5678', 'MALE'),
        (101, '2024-06-18 19:38:34.251207', null, '2024-06-18 19:38:34.251207', null, '2000-10-16', 10, '이수윤', '010-1234-5678', 'FEMALE'),
        (102, '2024-06-18 19:38:34.251207', null, '2024-06-18 19:38:34.251207', null, '2000-10-16', 10, '김동진', '010-1234-5678', 'MALE'),
        (103, '2024-06-18 19:38:34.251207', null, '2024-06-18 19:38:34.251207', null, '2000-10-16', 4, '김세연', '010-1234-5678', 'MALE'),
        (201, '2024-06-18 19:38:34.251207', null, '2024-06-18 19:38:34.251207', null, '2000-10-16', 6, '이순경', '010-1234-5678', 'FEMALE'),
        (202, '2024-06-18 19:38:34.251207', null, '2024-06-18 19:38:34.251207', null, '2000-10-16', 11, '이주호', '010-1234-5678', 'MALE'),
        (203, '2024-06-18 19:38:34.251207', null, '2024-06-18 19:38:34.251207', null, '2000-10-16', 9, '양혜지', '010-1234-5678', 'FEMALE'),
        (204, '2024-06-18 19:38:34.251207', null, '2024-06-18 19:38:34.251207', null, '2000-10-16', 9, '조예원', '010-1234-5678', 'FEMALE');


-- small_group
insert ignore into growing.small_group (id, created_at, created_by, updated_at, updated_by, small_group_leader_id, term_id)
values  (1, '2024-06-06 13:50:18.000000', null, '2024-06-06 13:50:21.000000', null, 1, 1),
        (2, '2024-06-06 13:50:18.000000', null, '2024-06-06 13:50:21.000000', null, 2, 1),
        (3, '2024-06-06 13:50:18.000000', null, '2024-06-06 13:50:21.000000', null, 3, 1),
        (4, '2024-06-06 13:50:18.000000', null, '2024-06-06 13:50:21.000000', null, 4, 1),
        (5, '2024-06-06 13:50:18.000000', null, '2024-06-06 13:50:21.000000', null, 5, 1);

-- small_group_leader
insert ignore into growing.small_group_leader (id, created_at, created_by, updated_at, updated_by, term_id, user_id)
values  (1, '2024-06-19 19:49:36.000000', null, '2024-06-19 19:49:38.000000', null, 1, 1),
        (2, '2024-06-19 19:49:36.000000', null, '2024-06-19 19:49:38.000000', null, 1, 100),
        (3, '2024-06-19 19:49:36.000000', null, '2024-06-19 19:49:38.000000', null, 1, 101),
        (4, '2024-06-19 19:49:36.000000', null, '2024-06-19 19:49:38.000000', null, 1, 102),
        (5, '2024-06-19 19:49:36.000000', null, '2024-06-19 19:49:38.000000', null, 1, 103);

-- new_family_group
insert ignore into growing.new_family_group (id, created_at, created_by, updated_at, updated_by, new_family_group_leader_id, term_id)
values  (1, '2024-06-06 14:34:09.000000', null, '2024-06-06 14:34:10.000000', null, 1, 1),
        (2, '2024-06-06 14:34:09.000000', null, '2024-06-06 14:34:10.000000', null, 2, 1),
        (3, '2024-06-06 14:34:09.000000', null, '2024-06-06 14:34:10.000000', null, 3, 1),
        (4, '2024-06-06 14:34:09.000000', null, '2024-06-06 14:34:10.000000', null, 4, 1),
        (5, '2024-06-06 14:34:09.000000', null, '2024-06-06 14:34:10.000000', null, 5, 1);

-- new_family_group_leader
insert ignore into growing.new_family_group_leader (id, created_at, created_by, updated_at, updated_by, term_id, user_id)
values  (1, '2024-06-18 19:41:04.000000', null, '2024-06-18 19:41:06.000000', null, 1, 2),
        (2, '2024-06-18 19:41:04.000000', null, '2024-06-18 19:41:06.000000', null, 1, 204),
        (3, '2024-06-18 19:41:04.000000', null, '2024-06-18 19:41:06.000000', null, 1, 201),
        (4, '2024-06-18 19:41:04.000000', null, '2024-06-18 19:41:06.000000', null, 1, 202),
        (5, '2024-06-18 19:41:04.000000', null, '2024-06-18 19:41:06.000000', null, 1, 203);
